case,file,tables,tags,suite
chzhang.arena_batch_18da8552,regression/chzhang/arena_batch_18da8552.sql,candidate,daily_commitment,hoover_candidate
chzhang.arena_batch_84617b29,regression/chzhang/arena_batch_84617b29.sql,candidate,daily_commitment,hoover_candidate
ychan375.arena_batch_42373da1,regression/ychan375/arena_batch_42373da1.sql,ack,column_coverage,hoover_ack_delivery_events
ychan375.arena_batch_69e58650,regression/ychan375/arena_batch_69e58650.sql,ack,column_coverage,hoover_ack_delivery_events
ychan375.arena_batch_7f746fcf,regression/ychan375/arena_batch_7f746fcf.sql,ack,column_coverage,hoover_ack_delivery_events
ychan375.arena_batch_81d1b586,regression/ychan375/arena_batch_81d1b586.sql,ack,daily_commitment,hoover_ack_delivery_events
ychan375.arena_batch_858082ef,regression/ychan375/arena_batch_858082ef.sql,ack,column_coverage,hoover_ack_delivery_events
ychan375.arena_batch_acb03682,regression/ychan375/arena_batch_acb03682.sql,ack,column_coverage,hoover_ack_delivery_events
ychan375.arena_batch_adf74779,regression/ychan375/arena_batch_adf74779.sql,ack,column_coverage,hoover_ack_delivery_events
ychan375.arena_batch_f1f339d3,regression/ychan375/arena_batch_f1f339d3.sql,ack,column_coverage,hoover_ack_delivery_events
sa-presto-tier2.ack_099fca2f,regression/sa-presto-tier2/ack_099fca2f.sql,ack,column_coverage,hoover_ack_delivery_events
sa-presto-tier2.ack_264f5bd2,regression/sa-presto-tier2/ack_264f5bd2.sql,ack,column_coverage,hoover_ack_partner_audience
sa-presto-tier2.ack_2e080bcf,regression/sa-presto-tier2/ack_2e080bcf.sql,ack,column_coverage,hoover_ack_delivery_events
sa-presto-tier2.ack_2e437e1e,regression/sa-presto-tier2/ack_2e437e1e.sql,ack,column_coverage,hoover_ack_partner_audience
sa-presto-tier2.ack_35205b83,regression/sa-presto-tier2/ack_35205b83.sql,ack,column_coverage,hoover_ack_delivery_events
sa-presto-tier2.ack_436be3f5,regression/sa-presto-tier2/ack_436be3f5.sql,ack,column_coverage,hoover_ack_partner_audience
sa-presto-tier2.ack_538a4afe,regression/sa-presto-tier2/ack_538a4afe.sql,ack,column_coverage,hoover_ack_delivery_events
sa-presto-tier2.ack_62fe539c,regression/sa-presto-tier2/ack_62fe539c.sql,ack,column_coverage,hoover_ack_partner_audience
sa-presto-tier2.ack_6c1fc96a,regression/sa-presto-tier2/ack_6c1fc96a.sql,ack,column_coverage,hoover_ack_delivery_events
sa-presto-tier2.ack_6d5ed65b,regression/sa-presto-tier2/ack_6d5ed65b.sql,ack,column_coverage,hoover_ack_delivery_events
sa-presto-tier2.ack_6fe6081e,regression/sa-presto-tier2/ack_6fe6081e.sql,ack,column_coverage,hoover_ack_delivery_events
sa-presto-tier2.ack_702272ef,regression/sa-presto-tier2/ack_702272ef.sql,ack,column_coverage,hoover_ack_delivery_events
sa-presto-tier2.ack_707a3215,regression/sa-presto-tier2/ack_707a3215.sql,ack,column_coverage,hoover_ack_partner_audience
sa-presto-tier2.ack_72181bab,regression/sa-presto-tier2/ack_72181bab.sql,ack,daily_commitment,hoover_ack_revenue_deal
sa-presto-tier2.ack_7306c520,regression/sa-presto-tier2/ack_7306c520.sql,ack,column_coverage,hoover_ack_partner_audience
sa-presto-tier2.ack_822bd028,regression/sa-presto-tier2/ack_822bd028.sql,ack,column_coverage,hoover_ack_partner_audience
sa-presto-tier2.ack_87751b09,regression/sa-presto-tier2/ack_87751b09.sql,ack,column_coverage,hoover_ack_partner_audience
sa-presto-tier2.ack_8d995468,regression/sa-presto-tier2/ack_8d995468.sql,ack,column_coverage,hoover_ack_partner_audience
sa-presto-tier2.ack_a1b4344a,regression/sa-presto-tier2/ack_a1b4344a.sql,ack,column_coverage,hoover_ack_partner_audience
sa-presto-tier2.ack_a4ce5128,regression/sa-presto-tier2/ack_a4ce5128.sql,ack,column_coverage,hoover_ack_partner_audience
sa-presto-tier2.ack_baaebe2c,regression/sa-presto-tier2/ack_baaebe2c.sql,ack,column_coverage,hoover_ack_delivery_events
sa-presto-tier2.ack_cb72c80b,regression/sa-presto-tier2/ack_cb72c80b.sql,ack,column_coverage,hoover_ack_delivery_events
sa-presto-tier2.ack_cf56e394,regression/sa-presto-tier2/ack_cf56e394.sql,ack,column_coverage,hoover_ack_delivery_events
sa-presto-tier2.ack_db103954,regression/sa-presto-tier2/ack_db103954.sql,ack,column_coverage,hoover_ack_delivery_events
sa-presto-tier2.ack_f134e341,regression/sa-presto-tier2/ack_f134e341.sql,ack,column_coverage,hoover_ack_partner_audience
sa-presto-tier2.ack_f381b04e,regression/sa-presto-tier2/ack_f381b04e.sql,ack,column_coverage,hoover_ack_delivery_events
sa-presto-tier2.ack_f3b7651f,regression/sa-presto-tier2/ack_f3b7651f.sql,ack,column_coverage,hoover_ack_delivery_events
sa-presto-tier2.ack_f6cc5a28,regression/sa-presto-tier2/ack_f6cc5a28.sql,ack,column_coverage,hoover_ack_delivery_events
sa-presto-tier2.ack_f9d0fe5b,regression/sa-presto-tier2/ack_f9d0fe5b.sql,ack,column_coverage,hoover_ack_delivery_events
sa-presto-tier2.ad_0f1c8d1e,regression/sa-presto-tier2/ad_0f1c8d1e.sql,ad,column_coverage,hoover_ad
sa-presto-tier2.ad_22c7a822,regression/sa-presto-tier2/ad_22c7a822.sql,ad,column_coverage,hoover_ad
sa-presto-tier2.ad_39aa06df,regression/sa-presto-tier2/ad_39aa06df.sql,ad,column_coverage,hoover_ad
sa-presto-tier2.ad_44261522,regression/sa-presto-tier2/ad_44261522.sql,ad,column_coverage,hoover_ad
sa-presto-tier2.ad_561a165e,regression/sa-presto-tier2/ad_561a165e.sql,ad,column_coverage,hoover_ad
sa-presto-tier2.ad_6dd62aa9,regression/sa-presto-tier2/ad_6dd62aa9.sql,ad,column_coverage,hoover_ad
sa-presto-tier2.ad_8872f5fd,regression/sa-presto-tier2/ad_8872f5fd.sql,ad,column_coverage,hoover_ad
sa-presto-tier2.ad_98964ca7,regression/sa-presto-tier2/ad_98964ca7.sql,ad,column_coverage,hoover_ad
sa-presto-tier2.ad_a2859597,regression/sa-presto-tier2/ad_a2859597.sql,ad,column_coverage,hoover_ad
sa-presto-tier2.ad_acc9568c,regression/sa-presto-tier2/ad_acc9568c.sql,ad,column_coverage,hoover_ad
sa-presto-tier2.ad_b4b7cf0a,regression/sa-presto-tier2/ad_b4b7cf0a.sql,ad,column_coverage,hoover_ad
sa-presto-tier2.ad_candidate_67612dc2,regression/sa-presto-tier2/ad_candidate_67612dc2.sql,"ad,candidate",column_coverage,hoover_join
sa-presto-tier2.ad_candidate_da8c4f22,regression/sa-presto-tier2/ad_candidate_da8c4f22.sql,"ad,candidate",column_coverage,hoover_join
sa-presto-tier2.ad_candidate_f0cf86e6,regression/sa-presto-tier2/ad_candidate_f0cf86e6.sql,"ad,candidate",column_coverage,hoover_join
sa-presto-tier2.ad_cf96b57b,regression/sa-presto-tier2/ad_cf96b57b.sql,ad,column_coverage,hoover_ad
sa-presto-tier2.ad_d9e4f4e0,regression/sa-presto-tier2/ad_d9e4f4e0.sql,ad,column_coverage,hoover_ad
sa-presto-tier2.ad_e68a9392,regression/sa-presto-tier2/ad_e68a9392.sql,ad,column_coverage,hoover_ad
sa-presto-tier2.ad_e8e13517,regression/sa-presto-tier2/ad_e8e13517.sql,ad,column_coverage,hoover_ad
sa-presto-tier2.ad_f02b6641,regression/sa-presto-tier2/ad_f02b6641.sql,ad,column_coverage,hoover_ad
sa-presto-tier2.ad_f03d1a38,regression/sa-presto-tier2/ad_f03d1a38.sql,ad,column_coverage,hoover_ad
sa-presto-tier2.ad_ff1b06b8,regression/sa-presto-tier2/ad_ff1b06b8.sql,ad,column_coverage,hoover_ad
sa-presto-tier2.ad_ff5f5561,regression/sa-presto-tier2/ad_ff5f5561.sql,ad,column_coverage,hoover_ad
sa-presto-tier2.auction_0309bf67,regression/sa-presto-tier2/auction_0309bf67.sql,auction,column_coverage,hoover_auction
sa-presto-tier2.auction_05c244c6,regression/sa-presto-tier2/auction_05c244c6.sql,auction,column_coverage,hoover_auction
sa-presto-tier2.auction_1085f63f,regression/sa-presto-tier2/auction_1085f63f.sql,auction,column_coverage,hoover_auction
sa-presto-tier2.auction_10e24471,regression/sa-presto-tier2/auction_10e24471.sql,auction,column_coverage,hoover_auction
sa-presto-tier2.auction_1534c895,regression/sa-presto-tier2/auction_1534c895.sql,auction,column_coverage,hoover_auction
sa-presto-tier2.auction_1a0c5f20,regression/sa-presto-tier2/auction_1a0c5f20.sql,auction,column_coverage,hoover_auction
sa-presto-tier2.auction_1f2d3f90,regression/sa-presto-tier2/auction_1f2d3f90.sql,auction,column_coverage,hoover_auction
sa-presto-tier2.auction_355e2a12,regression/sa-presto-tier2/auction_355e2a12.sql,auction,column_coverage,hoover_auction
sa-presto-tier2.auction_3d03c3f4,regression/sa-presto-tier2/auction_3d03c3f4.sql,auction,column_coverage,hoover_auction
sa-presto-tier2.auction_4263ad98,regression/sa-presto-tier2/auction_4263ad98.sql,auction,column_coverage,hoover_auction
sa-presto-tier2.auction_48c95901,regression/sa-presto-tier2/auction_48c95901.sql,auction,column_coverage,hoover_auction
sa-presto-tier2.auction_49009d2b,regression/sa-presto-tier2/auction_49009d2b.sql,auction,column_coverage,hoover_auction
sa-presto-tier2.auction_575d5a5d,regression/sa-presto-tier2/auction_575d5a5d.sql,auction,column_coverage,hoover_auction
sa-presto-tier2.auction_678dca7d,regression/sa-presto-tier2/auction_678dca7d.sql,auction,column_coverage,hoover_auction
sa-presto-tier2.auction_68128ee8,regression/sa-presto-tier2/auction_68128ee8.sql,auction,column_coverage,hoover_auction
sa-presto-tier2.auction_6a0684c4,regression/sa-presto-tier2/auction_6a0684c4.sql,auction,column_coverage,hoover_auction
sa-presto-tier2.auction_7ade25fc,regression/sa-presto-tier2/auction_7ade25fc.sql,auction,column_coverage,hoover_auction
sa-presto-tier2.auction_7fa81a23,regression/sa-presto-tier2/auction_7fa81a23.sql,auction,column_coverage,hoover_auction
sa-presto-tier2.auction_80594dad,regression/sa-presto-tier2/auction_80594dad.sql,auction,column_coverage,hoover_auction
sa-presto-tier2.auction_842fa5fc,regression/sa-presto-tier2/auction_842fa5fc.sql,auction,column_coverage,hoover_auction
sa-presto-tier2.auction_9989ff96,regression/sa-presto-tier2/auction_9989ff96.sql,auction,column_coverage,hoover_auction
sa-presto-tier2.auction_a87849c5,regression/sa-presto-tier2/auction_a87849c5.sql,auction,column_coverage,hoover_auction
sa-presto-tier2.auction_b2da0f20,regression/sa-presto-tier2/auction_b2da0f20.sql,auction,column_coverage,hoover_auction
sa-presto-tier2.auction_c26dcc48,regression/sa-presto-tier2/auction_c26dcc48.sql,auction,column_coverage,hoover_auction
sa-presto-tier2.auction_c5bb0131,regression/sa-presto-tier2/auction_c5bb0131.sql,auction,column_coverage,hoover_auction
sa-presto-tier2.auction_d29b5df6,regression/sa-presto-tier2/auction_d29b5df6.sql,auction,column_coverage,hoover_auction
sa-presto-tier2.auction_d5792cbd,regression/sa-presto-tier2/auction_d5792cbd.sql,auction,column_coverage,hoover_auction
sa-presto-tier2.auction_db99a1a3,regression/sa-presto-tier2/auction_db99a1a3.sql,auction,column_coverage,hoover_auction
sa-presto-tier2.auction_e50d5988,regression/sa-presto-tier2/auction_e50d5988.sql,auction,column_coverage,hoover_auction
sa-presto-tier2.auction_fc846fe7,regression/sa-presto-tier2/auction_fc846fe7.sql,auction,column_coverage,hoover_auction
sa-presto-tier2.auction_feb27dd5,regression/sa-presto-tier2/auction_feb27dd5.sql,auction,column_coverage,hoover_auction
sa-presto-tier2.auction_ff19e134,regression/sa-presto-tier2/auction_ff19e134.sql,auction,column_coverage,hoover_auction
sa-presto-tier2.candidate_11d925a8,regression/sa-presto-tier2/candidate_11d925a8.sql,candidate,column_coverage,hoover_candidate
sa-presto-tier2.candidate_1363d1db,regression/sa-presto-tier2/candidate_1363d1db.sql,candidate,column_coverage,hoover_candidate
sa-presto-tier2.candidate_1cedcc9d,regression/sa-presto-tier2/candidate_1cedcc9d.sql,candidate,column_coverage,hoover_candidate
sa-presto-tier2.candidate_22e4608e,regression/sa-presto-tier2/candidate_22e4608e.sql,candidate,column_coverage,hoover_candidate
sa-presto-tier2.candidate_33cb2e39,regression/sa-presto-tier2/candidate_33cb2e39.sql,candidate,column_coverage,hoover_candidate
sa-presto-tier2.candidate_35176194,regression/sa-presto-tier2/candidate_35176194.sql,candidate,column_coverage,hoover_candidate
sa-presto-tier2.candidate_36000085,regression/sa-presto-tier2/candidate_36000085.sql,candidate,column_coverage,hoover_candidate
sa-presto-tier2.candidate_3e030a3a,regression/sa-presto-tier2/candidate_3e030a3a.sql,candidate,column_coverage,hoover_candidate
sa-presto-tier2.candidate_467cecfa,regression/sa-presto-tier2/candidate_467cecfa.sql,candidate,column_coverage,hoover_candidate
sa-presto-tier2.candidate_4bdf0b10,regression/sa-presto-tier2/candidate_4bdf0b10.sql,candidate,column_coverage,hoover_candidate
sa-presto-tier2.candidate_5856785c,regression/sa-presto-tier2/candidate_5856785c.sql,candidate,column_coverage,hoover_candidate
sa-presto-tier2.candidate_5923b780,regression/sa-presto-tier2/candidate_5923b780.sql,candidate,column_coverage,hoover_candidate
sa-presto-tier2.candidate_63c662c0,regression/sa-presto-tier2/candidate_63c662c0.sql,candidate,column_coverage,hoover_candidate
sa-presto-tier2.candidate_6652f024,regression/sa-presto-tier2/candidate_6652f024.sql,candidate,column_coverage,hoover_candidate
sa-presto-tier2.candidate_73fb839c,regression/sa-presto-tier2/candidate_73fb839c.sql,candidate,column_coverage,hoover_candidate
sa-presto-tier2.candidate_78d30fe8,regression/sa-presto-tier2/candidate_78d30fe8.sql,candidate,column_coverage,hoover_candidate
sa-presto-tier2.candidate_7d8da7fa,regression/sa-presto-tier2/candidate_7d8da7fa.sql,candidate,column_coverage,hoover_candidate
sa-presto-tier2.candidate_7e26b785,regression/sa-presto-tier2/candidate_7e26b785.sql,candidate,column_coverage,hoover_candidate
sa-presto-tier2.candidate_838a6aef,regression/sa-presto-tier2/candidate_838a6aef.sql,candidate,column_coverage,hoover_candidate
sa-presto-tier2.candidate_8d41b00e,regression/sa-presto-tier2/candidate_8d41b00e.sql,candidate,column_coverage,hoover_candidate
sa-presto-tier2.candidate_936b980a,regression/sa-presto-tier2/candidate_936b980a.sql,candidate,column_coverage,hoover_candidate
sa-presto-tier2.candidate_a25951d3,regression/sa-presto-tier2/candidate_a25951d3.sql,candidate,column_coverage,hoover_candidate
sa-presto-tier2.candidate_a3b53311,regression/sa-presto-tier2/candidate_a3b53311.sql,candidate,column_coverage,hoover_candidate
sa-presto-tier2.candidate_ab528a4a,regression/sa-presto-tier2/candidate_ab528a4a.sql,candidate,column_coverage,hoover_candidate
sa-presto-tier2.candidate_abbcbbbf,regression/sa-presto-tier2/candidate_abbcbbbf.sql,candidate,column_coverage,hoover_candidate
sa-presto-tier2.candidate_bc75b592,regression/sa-presto-tier2/candidate_bc75b592.sql,candidate,column_coverage,hoover_candidate
sa-presto-tier2.candidate_c03b74dd,regression/sa-presto-tier2/candidate_c03b74dd.sql,candidate,column_coverage,hoover_candidate
sa-presto-tier2.candidate_c2079a2f,regression/sa-presto-tier2/candidate_c2079a2f.sql,candidate,column_coverage,hoover_candidate
sa-presto-tier2.candidate_c7f799ac,regression/sa-presto-tier2/candidate_c7f799ac.sql,candidate,column_coverage,hoover_candidate
sa-presto-tier2.candidate_d51781d1,regression/sa-presto-tier2/candidate_d51781d1.sql,candidate,column_coverage,hoover_candidate
sa-presto-tier2.candidate_d94f7241,regression/sa-presto-tier2/candidate_d94f7241.sql,candidate,column_coverage,hoover_candidate
sa-presto-tier2.candidate_e536a56b,regression/sa-presto-tier2/candidate_e536a56b.sql,candidate,column_coverage,hoover_candidate
sa-presto-tier2.candidate_e6b99db5,regression/sa-presto-tier2/candidate_e6b99db5.sql,candidate,column_coverage,hoover_candidate
sa-presto-tier2.candidate_e8d58a26,regression/sa-presto-tier2/candidate_e8d58a26.sql,candidate,column_coverage,hoover_candidate
sa-presto-tier2.candidate_f290c9aa,regression/sa-presto-tier2/candidate_f290c9aa.sql,candidate,column_coverage,hoover_candidate
sa-presto-tier2.request_3236223d,regression/sa-presto-tier2/request_3236223d.sql,request,column_coverage,hoover_request
sa-presto-tier2.request_35cb787f,regression/sa-presto-tier2/request_35cb787f.sql,request,column_coverage,hoover_request
sa-presto-tier2.request_38777028,regression/sa-presto-tier2/request_38777028.sql,request,column_coverage,hoover_request
sa-presto-tier2.request_65301310,regression/sa-presto-tier2/request_65301310.sql,request,column_coverage,hoover_request
sa-presto-tier2.request_6970107c,regression/sa-presto-tier2/request_6970107c.sql,request,column_coverage,hoover_request
sa-presto-tier2.request_6e30ee99,regression/sa-presto-tier2/request_6e30ee99.sql,request,column_coverage,hoover_request
sa-presto-tier2.request_8cb0429e,regression/sa-presto-tier2/request_8cb0429e.sql,request,column_coverage,hoover_request
sa-presto-tier2.request_9d4662d2,regression/sa-presto-tier2/request_9d4662d2.sql,request,daily_commitment,hoover_request
sa-presto-tier2.request_a1736f48,regression/sa-presto-tier2/request_a1736f48.sql,request,column_coverage,hoover_request
sa-presto-tier2.request_b97d463b,regression/sa-presto-tier2/request_b97d463b.sql,request,column_coverage,hoover_request
sa-presto-tier2.request_f0e59359,regression/sa-presto-tier2/request_f0e59359.sql,request,column_coverage,hoover_request
sa-presto-tier2.request_f5635e2f,regression/sa-presto-tier2/request_f5635e2f.sql,request,column_coverage,hoover_request
sa-presto-tier2.slot_578a7f12,regression/sa-presto-tier2/slot_578a7f12.sql,slot,column_coverage,hoover_slot
sa-presto-tier2.slot_60715cc6,regression/sa-presto-tier2/slot_60715cc6.sql,slot,column_coverage,hoover_slot
sa-presto-tier2.slot_78f5e908,regression/sa-presto-tier2/slot_78f5e908.sql,slot,column_coverage,hoover_slot
sa-presto-tier2.slot_c5d0f04b,regression/sa-presto-tier2/slot_c5d0f04b.sql,slot,column_coverage,hoover_slot
sa-presto-tier2.transaction_0945e094,regression/sa-presto-tier2/transaction_0945e094.sql,transaction,"awaiting_bcv,column_coverage",hoover_disabled
sa-presto-tier2.transaction_13476646,regression/sa-presto-tier2/transaction_13476646.sql,transaction,"awaiting_bcv,column_coverage",hoover_disabled
sa-presto-tier2.transaction_2e119faa,regression/sa-presto-tier2/transaction_2e119faa.sql,transaction,"awaiting_bcv,column_coverage",hoover_disabled
sa-presto-tier2.transaction_4faac2d4,regression/sa-presto-tier2/transaction_4faac2d4.sql,transaction,"awaiting_bcv,column_coverage",hoover_disabled
sa-presto-tier2.transaction_530c1844,regression/sa-presto-tier2/transaction_530c1844.sql,transaction,"awaiting_bcv,column_coverage",hoover_disabled
sa-presto-tier2.transaction_6e26d849,regression/sa-presto-tier2/transaction_6e26d849.sql,transaction,"awaiting_bcv,column_coverage",hoover_disabled
sa-presto-tier2.transaction_786bd3bd,regression/sa-presto-tier2/transaction_786bd3bd.sql,transaction,"awaiting_bcv,column_coverage",hoover_disabled
sa-presto-tier2.transaction_8d55d508,regression/sa-presto-tier2/transaction_8d55d508.sql,transaction,"awaiting_bcv,column_coverage",hoover_disabled
sa-presto-tier2.transaction_8e445798,regression/sa-presto-tier2/transaction_8e445798.sql,transaction,"awaiting_bcv,column_coverage",hoover_disabled
sa-presto-tier2.transaction_a18d510f,regression/sa-presto-tier2/transaction_a18d510f.sql,transaction,"awaiting_bcv,column_coverage",hoover_disabled
sa-presto-tier2.transaction_b9f71bdd,regression/sa-presto-tier2/transaction_b9f71bdd.sql,transaction,"awaiting_bcv,column_coverage",hoover_disabled
sa-presto-tier2.transaction_fd364e20,regression/sa-presto-tier2/transaction_fd364e20.sql,transaction,"awaiting_bcv,column_coverage",hoover_disabled
sa-dataapp-insights.arena_batch_2446e153,regression/sa-dataapp-insights/arena_batch_2446e153.sql,"ack,ad,request,slot",daily_commitment,hoover_join
sa-dataapp-insights.arena_batch_9e76c340,regression/sa-dataapp-insights/arena_batch_9e76c340.sql,"ack,candidate",column_coverage,hoover_join
sa-dataapp-insights.arena_batch_ebcec566,regression/sa-dataapp-insights/arena_batch_ebcec566.sql,"ack,ad",daily_commitment,hoover_join
sa-dataapp-insights.arena_batch_f11e4a66,regression/sa-dataapp-insights/arena_batch_f11e4a66.sql,"ack,auction,candidate,slot",column_coverage,hoover_join
sa-dataapp-insights.arena_batch_fafe06bd,regression/sa-dataapp-insights/arena_batch_fafe06bd.sql,ack,daily_commitment,hoover_ack_partner_audience
sa-dataapp-insights.transaction_001a2d77,regression/sa-dataapp-insights/transaction_001a2d77.sql,transaction,"awaiting_bcv,daily_commitment",hoover_disabled
sa-dataapp-insights.transaction_896c07da,regression/sa-dataapp-insights/transaction_896c07da.sql,transaction,"awaiting_bcv,daily_commitment",hoover_disabled
sa-trust_standards.arena_batch_2ddb5a64,regression/sa-trust_standards/arena_batch_2ddb5a64.sql,request,column_coverage,hoover_request
sa-trust_standards.arena_batch_93be0978,regression/sa-trust_standards/arena_batch_93be0978.sql,request,daily_commitment,hoover_request
sa-trust_standards.auction_67a537e0,regression/sa-trust_standards/auction_67a537e0.sql,auction,daily_commitment,hoover_auction
bbanur541.request_c5d6471e,regression/bbanur541/request_c5d6471e.sql,request,"bit59_sampled,column_coverage",hoover_request
publisher.ack_030ebb51,regression/publisher/ack_030ebb51.sql,ack,daily_commitment,hoover_publisher_audience_ack
publisher.ack_0fc88f75,regression/publisher/ack_0fc88f75.sql,ack,daily_commitment,hoover_publisher_keyvalue_click
publisher.ack_171da8a1,regression/publisher/ack_171da8a1.sql,ack,daily_commitment,hoover_publisher_audience_ack
publisher.ack_21045bd3,regression/publisher/ack_21045bd3.sql,ack,daily_commitment,hoover_publisher_audience_ack
publisher.ack_23d16f85,regression/publisher/ack_23d16f85.sql,ack,daily_commitment,hoover_publisher_keyvalue_click
publisher.ack_2515b1df,regression/publisher/ack_2515b1df.sql,ack,daily_commitment,hoover_ack_partner_audience
publisher.ack_298f87a4,regression/publisher/ack_298f87a4.sql,ack,daily_commitment,hoover_publisher_audience_ack
publisher.ack_2a251a66,regression/publisher/ack_2a251a66.sql,ack,daily_commitment,hoover_publisher_keyvalue_click
publisher.ack_2c118e24,regression/publisher/ack_2c118e24.sql,ack,daily_commitment,hoover_publisher_audience_ack
publisher.ack_2c3d05bb,regression/publisher/ack_2c3d05bb.sql,ack,daily_commitment,hoover_publisher_audience_ack
publisher.ack_2ce122e8,regression/publisher/ack_2ce122e8.sql,ack,daily_commitment,hoover_ack_revenue_deal
publisher.ack_2ce68fa3,regression/publisher/ack_2ce68fa3.sql,ack,daily_commitment,hoover_publisher_audience_ack
publisher.ack_2e221a54,regression/publisher/ack_2e221a54.sql,ack,daily_commitment,hoover_publisher_audience_ack
publisher.ack_3064147a,regression/publisher/ack_3064147a.sql,ack,daily_commitment,hoover_publisher_audience_ack
publisher.ack_30eb636c,regression/publisher/ack_30eb636c.sql,ack,daily_commitment,hoover_publisher_keyvalue_click
publisher.ack_47c76b3b,regression/publisher/ack_47c76b3b.sql,ack,daily_commitment,hoover_publisher_audience_ack
publisher.ack_4af544ea,regression/publisher/ack_4af544ea.sql,ack,daily_commitment,hoover_publisher_audience_ack
publisher.ack_4b685071,regression/publisher/ack_4b685071.sql,ack,daily_commitment,hoover_publisher_keyvalue_click
publisher.ack_4c61d23b,regression/publisher/ack_4c61d23b.sql,ack,daily_commitment,hoover_publisher_keyvalue_click
publisher.ack_55f3d3c1,regression/publisher/ack_55f3d3c1.sql,ack,daily_commitment,hoover_publisher_keyvalue_click
publisher.ack_56148b43,regression/publisher/ack_56148b43.sql,ack,daily_commitment,hoover_publisher_keyvalue_click
publisher.ack_71482302,regression/publisher/ack_71482302.sql,ack,daily_commitment,hoover_publisher_audience_ack
publisher.ack_7baaae84,regression/publisher/ack_7baaae84.sql,ack,daily_commitment,hoover_publisher_audience_ack
publisher.ack_8259eec0,regression/publisher/ack_8259eec0.sql,ack,daily_commitment,hoover_publisher_audience_ack
publisher.ack_86c18934,regression/publisher/ack_86c18934.sql,ack,daily_commitment,hoover_publisher_audience_ack
publisher.ack_93a8c162,regression/publisher/ack_93a8c162.sql,ack,daily_commitment,hoover_publisher_audience_ack
publisher.ack_94d039cf,regression/publisher/ack_94d039cf.sql,ack,daily_commitment,hoover_publisher_audience_ack
publisher.ack_9abb23be,regression/publisher/ack_9abb23be.sql,ack,daily_commitment,hoover_publisher_keyvalue_click
publisher.ack_9b032d48,regression/publisher/ack_9b032d48.sql,ack,daily_commitment,hoover_publisher_keyvalue_click
publisher.ack_9bbdf88b,regression/publisher/ack_9bbdf88b.sql,ack,daily_commitment,hoover_publisher_keyvalue_click
publisher.ack_a0dae56c,regression/publisher/ack_a0dae56c.sql,ack,daily_commitment,hoover_publisher_audience_ack
publisher.ack_a354d3a9,regression/publisher/ack_a354d3a9.sql,ack,daily_commitment,hoover_publisher_keyvalue_click
publisher.ack_ab297d4f,regression/publisher/ack_ab297d4f.sql,ack,daily_commitment,hoover_publisher_audience_ack
publisher.ack_acdcff6d,regression/publisher/ack_acdcff6d.sql,ack,daily_commitment,hoover_publisher_keyvalue_click
publisher.ack_b024d84d,regression/publisher/ack_b024d84d.sql,ack,daily_commitment,hoover_publisher_audience_ack
publisher.ack_b107f50e,regression/publisher/ack_b107f50e.sql,ack,daily_commitment,hoover_publisher_audience_ack
publisher.ack_b4c10deb,regression/publisher/ack_b4c10deb.sql,ack,daily_commitment,hoover_publisher_keyvalue_click
publisher.ack_b82d7d3f,regression/publisher/ack_b82d7d3f.sql,ack,daily_commitment,hoover_publisher_keyvalue_click
publisher.ack_bad57dbf,regression/publisher/ack_bad57dbf.sql,ack,daily_commitment,hoover_publisher_audience_ack
publisher.ack_c06b075a,regression/publisher/ack_c06b075a.sql,ack,daily_commitment,hoover_publisher_audience_ack
publisher.ack_c526ad03,regression/publisher/ack_c526ad03.sql,ack,daily_commitment,hoover_publisher_keyvalue_click
publisher.ack_c9a7f2fc,regression/publisher/ack_c9a7f2fc.sql,ack,daily_commitment,hoover_publisher_audience_ack
publisher.ack_c9b9fd75,regression/publisher/ack_c9b9fd75.sql,ack,daily_commitment,hoover_publisher_audience_ack
publisher.ack_caa4ae63,regression/publisher/ack_caa4ae63.sql,ack,daily_commitment,hoover_ack_revenue_deal
publisher.ack_cebd811f,regression/publisher/ack_cebd811f.sql,ack,daily_commitment,hoover_publisher_audience_ack
publisher.ack_d8b88d99,regression/publisher/ack_d8b88d99.sql,ack,daily_commitment,hoover_publisher_audience_ack
publisher.ack_dd3aa2e2,regression/publisher/ack_dd3aa2e2.sql,ack,daily_commitment,hoover_publisher_audience_ack
publisher.ack_dd9de50d,regression/publisher/ack_dd9de50d.sql,ack,daily_commitment,hoover_publisher_keyvalue_click
publisher.ack_dfcb2b35,regression/publisher/ack_dfcb2b35.sql,ack,daily_commitment,hoover_publisher_keyvalue_click
publisher.ack_e11dbc6e,regression/publisher/ack_e11dbc6e.sql,ack,daily_commitment,hoover_publisher_audience_ack
publisher.ack_e8d62875,regression/publisher/ack_e8d62875.sql,ack,daily_commitment,hoover_publisher_keyvalue_click
publisher.ack_ea9344dd,regression/publisher/ack_ea9344dd.sql,ack,daily_commitment,hoover_publisher_audience_ack
publisher.ack_eb4d774f,regression/publisher/ack_eb4d774f.sql,ack,daily_commitment,hoover_ack_partner_audience
publisher.ack_ebb8cf18,regression/publisher/ack_ebb8cf18.sql,ack,daily_commitment,hoover_publisher_audience_ack
publisher.ack_eddedaef,regression/publisher/ack_eddedaef.sql,ack,daily_commitment,hoover_publisher_keyvalue_click
publisher.ack_f0fb687a,regression/publisher/ack_f0fb687a.sql,ack,daily_commitment,hoover_publisher_audience_ack
publisher.ack_f1fc9231,regression/publisher/ack_f1fc9231.sql,ack,daily_commitment,hoover_publisher_audience_ack
publisher.ack_f49a1447,regression/publisher/ack_f49a1447.sql,ack,daily_commitment,hoover_publisher_keyvalue_click
publisher.ack_f5330387,regression/publisher/ack_f5330387.sql,ack,daily_commitment,hoover_publisher_keyvalue_click
publisher.ack_f573df3f,regression/publisher/ack_f573df3f.sql,ack,column_coverage,hoover_ack_delivery_events
publisher.ack_f73b9b66,regression/publisher/ack_f73b9b66.sql,ack,column_coverage,hoover_ack_delivery_events
publisher.ad_fa2e5d2d,regression/publisher/ad_fa2e5d2d.sql,ad,column_coverage,hoover_ad
publisher.auction_3029c0d6,regression/publisher/auction_3029c0d6.sql,auction,daily_commitment,hoover_auction
publisher.slot_03197c7e,regression/publisher/slot_03197c7e.sql,slot,daily_commitment,hoover_publisher_slot_inventory
publisher.slot_07aa1a83,regression/publisher/slot_07aa1a83.sql,slot,daily_commitment,hoover_publisher_slot_inventory
publisher.slot_0e445a4d,regression/publisher/slot_0e445a4d.sql,slot,daily_commitment,hoover_publisher_slot_inventory
publisher.slot_2246c81a,regression/publisher/slot_2246c81a.sql,slot,daily_commitment,hoover_publisher_slot_inventory
publisher.slot_2560f891,regression/publisher/slot_2560f891.sql,slot,daily_commitment,hoover_publisher_slot_inventory
publisher.slot_2a7bd9c3,regression/publisher/slot_2a7bd9c3.sql,slot,daily_commitment,hoover_publisher_slot_inventory
publisher.slot_2fd827e8,regression/publisher/slot_2fd827e8.sql,slot,daily_commitment,hoover_publisher_slot_inventory
publisher.slot_547a00ee,regression/publisher/slot_547a00ee.sql,slot,daily_commitment,hoover_publisher_slot_inventory
publisher.slot_591e3546,regression/publisher/slot_591e3546.sql,slot,daily_commitment,hoover_publisher_slot_inventory
publisher.slot_5f41a6b5,regression/publisher/slot_5f41a6b5.sql,slot,daily_commitment,hoover_publisher_slot_inventory
publisher.slot_60a94e18,regression/publisher/slot_60a94e18.sql,slot,daily_commitment,hoover_publisher_slot_inventory
publisher.slot_64db6458,regression/publisher/slot_64db6458.sql,slot,daily_commitment,hoover_publisher_slot_inventory
publisher.slot_652540af,regression/publisher/slot_652540af.sql,slot,daily_commitment,hoover_publisher_slot_inventory
publisher.slot_660d39c6,regression/publisher/slot_660d39c6.sql,slot,daily_commitment,hoover_publisher_slot_inventory
publisher.slot_72aeba60,regression/publisher/slot_72aeba60.sql,slot,daily_commitment,hoover_publisher_slot_inventory
publisher.slot_79aaf1a8,regression/publisher/slot_79aaf1a8.sql,slot,daily_commitment,hoover_slot
publisher.slot_883d2b48,regression/publisher/slot_883d2b48.sql,slot,daily_commitment,hoover_slot
publisher.slot_89885b1e,regression/publisher/slot_89885b1e.sql,slot,daily_commitment,hoover_publisher_slot_inventory
publisher.slot_8fa26546,regression/publisher/slot_8fa26546.sql,slot,daily_commitment,hoover_publisher_slot_inventory
publisher.slot_a06daffa,regression/publisher/slot_a06daffa.sql,slot,daily_commitment,hoover_publisher_slot_inventory
publisher.slot_b4e74eb4,regression/publisher/slot_b4e74eb4.sql,slot,daily_commitment,hoover_publisher_slot_inventory
publisher.slot_b5851f29,regression/publisher/slot_b5851f29.sql,slot,daily_commitment,hoover_slot
publisher.slot_b75bdadd,regression/publisher/slot_b75bdadd.sql,slot,daily_commitment,hoover_publisher_slot_inventory
publisher.slot_ba60122a,regression/publisher/slot_ba60122a.sql,slot,daily_commitment,hoover_publisher_slot_inventory
publisher.slot_cae5d522,regression/publisher/slot_cae5d522.sql,slot,daily_commitment,hoover_publisher_slot_inventory
publisher.slot_d2d2f61e,regression/publisher/slot_d2d2f61e.sql,slot,daily_commitment,hoover_publisher_slot_inventory
publisher.slot_e7585909,regression/publisher/slot_e7585909.sql,slot,daily_commitment,hoover_publisher_slot_inventory
publisher.slot_e7ffdbf1,regression/publisher/slot_e7ffdbf1.sql,slot,daily_commitment,hoover_publisher_slot_inventory
publisher.slot_ea9cdd79,regression/publisher/slot_ea9cdd79.sql,slot,daily_commitment,hoover_publisher_slot_inventory
publisher.slot_eece3191,regression/publisher/slot_eece3191.sql,slot,daily_commitment,hoover_publisher_slot_inventory
publisher.slot_f20fbd4f,regression/publisher/slot_f20fbd4f.sql,slot,daily_commitment,hoover_publisher_slot_inventory
publisher.slot_f3429aa2,regression/publisher/slot_f3429aa2.sql,slot,daily_commitment,hoover_publisher_slot_inventory
publisher.slot_f8c06239,regression/publisher/slot_f8c06239.sql,slot,daily_commitment,hoover_publisher_slot_inventory
publisher.slot_fca3c873,regression/publisher/slot_fca3c873.sql,slot,daily_commitment,hoover_publisher_slot_inventory
publisher.slot_fd578093,regression/publisher/slot_fd578093.sql,slot,daily_commitment,hoover_publisher_slot_inventory
sa_wave_applications.candidate_ff87b618,regression/sa_wave_applications/candidate_ff87b618.sql,candidate,column_coverage,hoover_candidate
yjgou.arena_batch_6d931ddf,regression/yjgou/arena_batch_6d931ddf.sql,transaction,"awaiting_bcv,daily_commitment",hoover_disabled
yjgou.arena_batch_e1d9e9a2,regression/yjgou/arena_batch_e1d9e9a2.sql,auction,daily_commitment,hoover_auction
yjgou.auction_fffd6b1c,regression/yjgou/auction_fffd6b1c.sql,auction,column_coverage,hoover_auction
dliss299.arena_batch,regression/dliss299/arena_batch.sql,request,column_coverage,hoover_request
skshao.arena_batch,regression/skshao/arena_batch.sql,"ack,ad,slot",daily_commitment,hoover_join
sa-realtime.ad_request_8c128581,regression/sa-realtime/ad_request_8c128581.sql,"ad,request",daily_commitment,hoover_join
sa-realtime.arena_batch_892fe5dc,regression/sa-realtime/arena_batch_892fe5dc.sql,"ack,request",daily_commitment,hoover_join
sa-realtime.arena_batch_b92539cd,regression/sa-realtime/arena_batch_b92539cd.sql,ack,daily_commitment,hoover_ack_delivery_events
sa-realtime.arena_batch_bd6fa88b,regression/sa-realtime/arena_batch_bd6fa88b.sql,request,daily_commitment,hoover_request
sa-dmo-aqs.arena_batch_096aa9aa,regression/sa-dmo-aqs/arena_batch_096aa9aa.sql,ack,daily_commitment,hoover_ack_partner_audience
sa-dmo-aqs.arena_batch_34a2be6c,regression/sa-dmo-aqs/arena_batch_34a2be6c.sql,ad,daily_commitment,hoover_ad
sa-dmo-aqs.arena_batch_37cbcf0f,regression/sa-dmo-aqs/arena_batch_37cbcf0f.sql,ack,daily_commitment,hoover_ack_partner_audience
sa-dmo-aqs.arena_batch_45538537,regression/sa-dmo-aqs/arena_batch_45538537.sql,ack,daily_commitment,hoover_ack_partner_audience
sa-dmo-aqs.arena_batch_689d40ab,regression/sa-dmo-aqs/arena_batch_689d40ab.sql,"auction,candidate",daily_commitment,hoover_join
sa-dmo-aqs.arena_batch_7300931d,regression/sa-dmo-aqs/arena_batch_7300931d.sql,ack,daily_commitment,hoover_ack_delivery_events
sa-dmo-aqs.arena_batch_9a659f0d,regression/sa-dmo-aqs/arena_batch_9a659f0d.sql,request,daily_commitment,hoover_request
sa-dmo-aqs.arena_batch_a575508a,regression/sa-dmo-aqs/arena_batch_a575508a.sql,request,daily_commitment,hoover_request
sa-dmo-aqs.arena_batch_a5ea2495,regression/sa-dmo-aqs/arena_batch_a5ea2495.sql,request,daily_commitment,hoover_request
sa-dmo-aqs.arena_batch_da9f31a1,regression/sa-dmo-aqs/arena_batch_da9f31a1.sql,request,daily_commitment,hoover_request
sa-dmo-aqs.arena_batch_f4bbcb2a,regression/sa-dmo-aqs/arena_batch_f4bbcb2a.sql,"ack,candidate,request,slot",daily_commitment,hoover_join
lrugar872.arena_batch_7f72bd20,regression/lrugar872/arena_batch_7f72bd20.sql,transaction,"awaiting_bcv,column_coverage",hoover_disabled
lrugar872.arena_batch_91e14219,regression/lrugar872/arena_batch_91e14219.sql,"ack,auction,transaction","awaiting_bcv,column_coverage",hoover_disabled
sa-presto-af-etl.ack_fe17a573,regression/sa-presto-af-etl/ack_fe17a573.sql,ack,daily_commitment,hoover_ack_revenue_deal
sa-presto-af-etl.arena_batch_2a2b39b9,regression/sa-presto-af-etl/arena_batch_2a2b39b9.sql,transaction,"awaiting_bcv,daily_commitment",hoover_disabled
sa-presto-af-etl.arena_batch_2eee36c0,regression/sa-presto-af-etl/arena_batch_2eee36c0.sql,"ack,ad,transaction","awaiting_bcv,column_coverage",hoover_disabled
sa-presto-af-etl.arena_batch_8d938e84,regression/sa-presto-af-etl/arena_batch_8d938e84.sql,"ack,ad,auction,candidate",column_coverage,hoover_join
sa-presto-af-etl.arena_batch_99d230a9,regression/sa-presto-af-etl/arena_batch_99d230a9.sql,transaction,"awaiting_bcv,daily_commitment",hoover_disabled
sa-presto-af-etl.arena_batch_c8cb8e82,regression/sa-presto-af-etl/arena_batch_c8cb8e82.sql,"ack,auction,candidate",column_coverage,hoover_join
sa-presto-af-etl.arena_batch_f714c1bf,regression/sa-presto-af-etl/arena_batch_f714c1bf.sql,auction,column_coverage,hoover_auction
sa-presto-af-etl.arena_batch_f740658b,regression/sa-presto-af-etl/arena_batch_f740658b.sql,ack,column_coverage,hoover_ack_partner_audience
sa-presto-af-etl.arena_batch_f9cd1da9,regression/sa-presto-af-etl/arena_batch_f9cd1da9.sql,ack,daily_commitment,hoover_ack_revenue_deal
sa-presto-af-etl.arena_batch_fa26c9c5,regression/sa-presto-af-etl/arena_batch_fa26c9c5.sql,"auction,candidate",column_coverage,hoover_join
sa-presto-af-etl.transaction_ffef2b14,regression/sa-presto-af-etl/transaction_ffef2b14.sql,transaction,"awaiting_bcv,column_coverage",hoover_disabled
sa-pqm.arena_batch,regression/sa-pqm/arena_batch.sql,auction,daily_commitment,hoover_auction
sa-pqm.transaction_caf799a6,regression/sa-pqm/transaction_caf799a6.sql,transaction,"awaiting_bcv,column_coverage",hoover_disabled
sa-pqm.transaction_dfdf059b,regression/sa-pqm/transaction_dfdf059b.sql,transaction,"awaiting_bcv,column_coverage",hoover_disabled
sa-aim-identity.arena_batch,regression/sa-aim-identity/arena_batch.sql,ack,daily_commitment,hoover_ack_delivery_events
jou254.arena_batch_1cfd151e,regression/jou254/arena_batch_1cfd151e.sql,transaction,"awaiting_bcv,daily_commitment",hoover_disabled
jou254.arena_batch_43229916,regression/jou254/arena_batch_43229916.sql,"ack,auction,candidate",daily_commitment,hoover_join
jou254.arena_batch_46b2c347,regression/jou254/arena_batch_46b2c347.sql,request,daily_commitment,hoover_request
saengalgo-dev.arena_batch,regression/saengalgo-dev/arena_batch.sql,transaction,"awaiting_bcv,column_coverage",hoover_disabled
svc-ciec-sct.arena_batch_4317510f,regression/svc-ciec-sct/arena_batch_4317510f.sql,transaction,"awaiting_bcv,daily_commitment",hoover_disabled
svc-ciec-sct.arena_batch_5e2717e9,regression/svc-ciec-sct/arena_batch_5e2717e9.sql,"ack,auction",daily_commitment,hoover_join
svc-ciec-sct.arena_batch_7dd39944,regression/svc-ciec-sct/arena_batch_7dd39944.sql,"ack,ad,candidate",daily_commitment,hoover_join
sa-research-etl-user.arena_batch_18303514,regression/sa-research-etl-user/arena_batch_18303514.sql,ack,daily_commitment,hoover_ack_revenue_deal
sa-research-etl-user.arena_batch_2670e15d,regression/sa-research-etl-user/arena_batch_2670e15d.sql,"auction,candidate",daily_commitment,hoover_join
sa-research-etl-user.arena_batch_351944c8,regression/sa-research-etl-user/arena_batch_351944c8.sql,"ack,auction,candidate",daily_commitment,hoover_join
sa-research-etl-user.arena_batch_6d41cdda,regression/sa-research-etl-user/arena_batch_6d41cdda.sql,ack,daily_commitment,hoover_ack_revenue_deal
sa-research-etl-user.arena_batch_859e4fb9,regression/sa-research-etl-user/arena_batch_859e4fb9.sql,transaction,"awaiting_bcv,column_coverage",hoover_disabled
sa-research-etl-user.arena_batch_92eb3790,regression/sa-research-etl-user/arena_batch_92eb3790.sql,ack,daily_commitment,hoover_ack_revenue_deal
sa-research-etl-user.arena_batch_af52cdab,regression/sa-research-etl-user/arena_batch_af52cdab.sql,"ack,auction,candidate",daily_commitment,hoover_join
sa-research-etl-user.arena_batch_bff35e5c,regression/sa-research-etl-user/arena_batch_bff35e5c.sql,"ack,auction,candidate",daily_commitment,hoover_join
sa-research-etl-user.arena_batch_de5ba8c9,regression/sa-research-etl-user/arena_batch_de5ba8c9.sql,"ack,auction,candidate",daily_commitment,hoover_join
sa-research-etl-user.arena_batch_fb2f98eb,regression/sa-research-etl-user/arena_batch_fb2f98eb.sql,ad,column_coverage,hoover_ad
sa-research-etl-user.arena_batch_fe30f6ad,regression/sa-research-etl-user/arena_batch_fe30f6ad.sql,"ad,transaction","awaiting_bcv,column_coverage",hoover_disabled
sa-research-etl-user.arena_batch_fff35ed7,regression/sa-research-etl-user/arena_batch_fff35ed7.sql,"ack,auction,candidate",column_coverage,hoover_join
xyli.ack_5d5d80a1,regression/xyli/ack_5d5d80a1.sql,ack,daily_commitment,hoover_ack_delivery_events
xyli.ack_95b7692d,regression/xyli/ack_95b7692d.sql,ack,daily_commitment,hoover_ack_delivery_events
xyli.ack_e1ba2c5c,regression/xyli/ack_e1ba2c5c.sql,ack,daily_commitment,hoover_ack_delivery_events
xyli.request_7f82fe51,regression/xyli/request_7f82fe51.sql,request,daily_commitment,hoover_request
xyli.request_97ee3ccc,regression/xyli/request_97ee3ccc.sql,request,daily_commitment,hoover_request
xyli.request_d8fbfe31,regression/xyli/request_d8fbfe31.sql,request,daily_commitment,hoover_request
xyli.transaction_50189269,regression/xyli/transaction_50189269.sql,transaction,"awaiting_bcv,daily_commitment",hoover_disabled
xyli.transaction_82d765d2,regression/xyli/transaction_82d765d2.sql,transaction,"awaiting_bcv,daily_commitment",hoover_disabled
xyli.transaction_9a662264,regression/xyli/transaction_9a662264.sql,transaction,"awaiting_bcv,daily_commitment",hoover_disabled
xyli.transaction_c6dede66,regression/xyli/transaction_c6dede66.sql,transaction,"awaiting_bcv,daily_commitment",hoover_disabled
sa-dataapp-yield.ab_test_ack,regression/sa-dataapp-yield/ab_test_ack.sql,ack,daily_commitment,hoover_ack_partner_audience
sa-dataapp-yield.ab_test_pod_multiimp_ad,regression/sa-dataapp-yield/ab_test_pod_multiimp_ad.sql,candidate,daily_commitment,hoover_candidate
sa-dataapp-yield.ab_test_pod_multiimp_impression,regression/sa-dataapp-yield/ab_test_pod_multiimp_impression.sql,ack,daily_commitment,hoover_ack_revenue_deal
sa-dataapp-yield.ab_test_pod_multiimp_request,regression/sa-dataapp-yield/ab_test_pod_multiimp_request.sql,auction,daily_commitment,hoover_auction
sa-dataapp-yield.ab_test_request,regression/sa-dataapp-yield/ab_test_request.sql,transaction,"awaiting_bcv,daily_commitment",hoover_disabled
sa-dataapp-yield.ack_6a1bb747,regression/sa-dataapp-yield/ack_6a1bb747.sql,ack,daily_commitment,hoover_ack_delivery_events
sa-dataapp-yield.ack_8a0b21c1,regression/sa-dataapp-yield/ack_8a0b21c1.sql,ack,daily_commitment,hoover_ack_partner_audience
sa-dataapp-yield.ack_ed85ee57,regression/sa-dataapp-yield/ack_ed85ee57.sql,ack,daily_commitment,hoover_ack_delivery_events
sa-dataapp-yield.ack_faaa5944,regression/sa-dataapp-yield/ack_faaa5944.sql,ack,column_coverage,hoover_ack_partner_audience
sa-dataapp-yield.ack_fd5bfdb3,regression/sa-dataapp-yield/ack_fd5bfdb3.sql,ack,daily_commitment,hoover_ack_partner_audience
sa-dataapp-yield.ack_fddae8f0,regression/sa-dataapp-yield/ack_fddae8f0.sql,ack,column_coverage,hoover_ack_delivery_events
sa-dataapp-yield.ad_668799f5,regression/sa-dataapp-yield/ad_668799f5.sql,ad,daily_commitment,hoover_ad
sa-dataapp-yield.ad_creative_request,regression/sa-dataapp-yield/ad_creative_request.sql,ad,daily_commitment,hoover_ad
sa-dataapp-yield.ad_ops_feed_ack,regression/sa-dataapp-yield/ad_ops_feed_ack.sql,ack,daily_commitment,hoover_ack_partner_audience
sa-dataapp-yield.ad_ops_feed_ad,regression/sa-dataapp-yield/ad_ops_feed_ad.sql,ad,daily_commitment,hoover_ad
sa-dataapp-yield.admanager_impression_report,regression/sa-dataapp-yield/admanager_impression_report.sql,ack,daily_commitment,hoover_ack_delivery_events
sa-dataapp-yield.ads_data_size_transaction,regression/sa-dataapp-yield/ads_data_size_transaction.sql,transaction,"awaiting_bcv,daily_commitment",hoover_disabled
sa-dataapp-yield.adserver_degradation,regression/sa-dataapp-yield/adserver_degradation.sql,transaction,"awaiting_bcv,daily_commitment",hoover_disabled
sa-dataapp-yield.auction_ad_request,regression/sa-dataapp-yield/auction_ad_request.sql,auction,daily_commitment,hoover_auction
sa-dataapp-yield.bid_throttling_ack,regression/sa-dataapp-yield/bid_throttling_ack.sql,ack,daily_commitment,hoover_ack_partner_audience
sa-dataapp-yield.bid_throttling_auction,regression/sa-dataapp-yield/bid_throttling_auction.sql,auction,daily_commitment,hoover_auction
sa-dataapp-yield.bid_throttling_candidate,regression/sa-dataapp-yield/bid_throttling_candidate.sql,candidate,daily_commitment,hoover_candidate
sa-dataapp-yield.bidder_ack,regression/sa-dataapp-yield/bidder_ack.sql,ack,daily_commitment,hoover_ack_partner_audience
sa-dataapp-yield.bidder_ad,regression/sa-dataapp-yield/bidder_ad.sql,ad,daily_commitment,hoover_ad
sa-dataapp-yield.bidder_audience_ack,regression/sa-dataapp-yield/bidder_audience_ack.sql,ack,daily_commitment,hoover_ack_partner_audience
sa-dataapp-yield.bidder_audience_ad,regression/sa-dataapp-yield/bidder_audience_ad.sql,ad,daily_commitment,hoover_ad
sa-dataapp-yield.bidder_audience_request,regression/sa-dataapp-yield/bidder_audience_request.sql,transaction,"awaiting_bcv,daily_commitment",hoover_disabled
sa-dataapp-yield.bidder_request,regression/sa-dataapp-yield/bidder_request.sql,request,daily_commitment,hoover_request
sa-dataapp-yield.binlog_sample_ack,regression/sa-dataapp-yield/binlog_sample_ack.sql,ack,daily_commitment,hoover_ack_delivery_events
sa-dataapp-yield.binlog_sample_request,regression/sa-dataapp-yield/binlog_sample_request.sql,request,daily_commitment,hoover_request
sa-dataapp-yield.candidate_creative_request,regression/sa-dataapp-yield/candidate_creative_request.sql,candidate,daily_commitment,hoover_candidate
sa-dataapp-yield.cname_ack,regression/sa-dataapp-yield/cname_ack.sql,ack,daily_commitment,hoover_ack_delivery_events
sa-dataapp-yield.cname_req,regression/sa-dataapp-yield/cname_req.sql,request,daily_commitment,hoover_request
sa-dataapp-yield.delayed_impression,regression/sa-dataapp-yield/delayed_impression.sql,ack,daily_commitment,hoover_ack_delivery_events
sa-dataapp-yield.demand_opp_test,regression/sa-dataapp-yield/demand_opp_test.sql,"auction,candidate,slot",column_coverage,hoover_join
sa-dataapp-yield.demand_portfolio,regression/sa-dataapp-yield/demand_portfolio.sql,"ack,ad",daily_commitment,hoover_join
sa-dataapp-yield.endpoint_definition,regression/sa-dataapp-yield/endpoint_definition.sql,ack,daily_commitment,hoover_ack_delivery_events
sa-dataapp-yield.inventory_performance_merged,regression/sa-dataapp-yield/inventory_performance_merged.sql,"ack,ad,request,slot",daily_commitment,hoover_join
sa-dataapp-yield.inventory_standardization,regression/sa-dataapp-yield/inventory_standardization.sql,request,daily_commitment,hoover_request
sa-dataapp-yield.market_site_section_ack,regression/sa-dataapp-yield/market_site_section_ack.sql,ack,daily_commitment,hoover_ack_delivery_events
sa-dataapp-yield.market_site_section_auction,regression/sa-dataapp-yield/market_site_section_auction.sql,auction,daily_commitment,hoover_auction
sa-dataapp-yield.market_site_section_candidate,regression/sa-dataapp-yield/market_site_section_candidate.sql,candidate,daily_commitment,hoover_candidate
sa-dataapp-yield.mbd_deal,regression/sa-dataapp-yield/mbd_deal.sql,"ack,auction,candidate",daily_commitment,hoover_join
sa-dataapp-yield.mkpl_ack,regression/sa-dataapp-yield/mkpl_ack.sql,ack,daily_commitment,hoover_ack_partner_audience
sa-dataapp-yield.mkpl_ad,regression/sa-dataapp-yield/mkpl_ad.sql,ad,daily_commitment,hoover_ad
sa-dataapp-yield.mkpl_ad_in_played_slot,regression/sa-dataapp-yield/mkpl_ad_in_played_slot.sql,ack,daily_commitment,hoover_ack_revenue_deal
sa-dataapp-yield.mkpl_biz_ack,regression/sa-dataapp-yield/mkpl_biz_ack.sql,ack,daily_commitment,hoover_ack_partner_audience
sa-dataapp-yield.mkpl_biz_request,regression/sa-dataapp-yield/mkpl_biz_request.sql,transaction,"awaiting_bcv,daily_commitment",hoover_disabled
sa-dataapp-yield.mkpl_migration_detail,regression/sa-dataapp-yield/mkpl_migration_detail.sql,ack,daily_commitment,hoover_ack_partner_audience
sa-dataapp-yield.mkpl_migration_overview,regression/sa-dataapp-yield/mkpl_migration_overview.sql,ack,daily_commitment,hoover_ack_partner_audience
sa-dataapp-yield.mkpl_perf_req,regression/sa-dataapp-yield/mkpl_perf_req.sql,transaction,"awaiting_bcv,daily_commitment",hoover_disabled
sa-dataapp-yield.mkpl_request,regression/sa-dataapp-yield/mkpl_request.sql,request,daily_commitment,hoover_request
sa-dataapp-yield.mkpl_slot,regression/sa-dataapp-yield/mkpl_slot.sql,slot,daily_commitment,hoover_slot
sa-dataapp-yield.mme_ack,regression/sa-dataapp-yield/mme_ack.sql,ack,daily_commitment,hoover_ack_partner_audience
sa-dataapp-yield.mme_auction,regression/sa-dataapp-yield/mme_auction.sql,auction,daily_commitment,hoover_auction
sa-dataapp-yield.mme_candidate,regression/sa-dataapp-yield/mme_candidate.sql,candidate,daily_commitment,hoover_candidate
sa-dataapp-yield.mme_candidate_slot_err,regression/sa-dataapp-yield/mme_candidate_slot_err.sql,candidate,daily_commitment,hoover_candidate
sa-dataapp-yield.mme_deal_ack,regression/sa-dataapp-yield/mme_deal_ack.sql,ack,daily_commitment,hoover_ack_partner_audience
sa-dataapp-yield.mme_deal_auction,regression/sa-dataapp-yield/mme_deal_auction.sql,auction,daily_commitment,hoover_auction
sa-dataapp-yield.mme_deal_candidate,regression/sa-dataapp-yield/mme_deal_candidate.sql,candidate,daily_commitment,hoover_candidate
sa-dataapp-yield.mme_deal_candidate_slot_err,regression/sa-dataapp-yield/mme_deal_candidate_slot_err.sql,candidate,daily_commitment,hoover_candidate
sa-dataapp-yield.mpe_troubleshoot_arena,regression/sa-dataapp-yield/mpe_troubleshoot_arena.sql,candidate,column_coverage,hoover_candidate
sa-dataapp-yield.ops_feed_ack,regression/sa-dataapp-yield/ops_feed_ack.sql,ack,daily_commitment,hoover_ack_delivery_events
sa-dataapp-yield.ops_feed_ad,regression/sa-dataapp-yield/ops_feed_ad.sql,ad,daily_commitment,hoover_ad
sa-dataapp-yield.ops_feed_device,regression/sa-dataapp-yield/ops_feed_device.sql,transaction,"awaiting_bcv,daily_commitment",hoover_disabled
sa-dataapp-yield.ops_feed_dup_imp,regression/sa-dataapp-yield/ops_feed_dup_imp.sql,ack,daily_commitment,hoover_ack_delivery_events
sa-dataapp-yield.ops_feed_imp_by_syscode,regression/sa-dataapp-yield/ops_feed_imp_by_syscode.sql,ack,daily_commitment,hoover_ack_delivery_events
sa-dataapp-yield.ops_feed_linear_ack,regression/sa-dataapp-yield/ops_feed_linear_ack.sql,ack,daily_commitment,hoover_ack_partner_audience
sa-dataapp-yield.ops_feed_linear_ad,regression/sa-dataapp-yield/ops_feed_linear_ad.sql,ad,daily_commitment,hoover_ad
sa-dataapp-yield.ops_feed_linear_request,regression/sa-dataapp-yield/ops_feed_linear_request.sql,transaction,"awaiting_bcv,daily_commitment",hoover_disabled
sa-dataapp-yield.ops_feed_linear_slot,regression/sa-dataapp-yield/ops_feed_linear_slot.sql,ack,daily_commitment,hoover_ack_partner_audience
sa-dataapp-yield.ops_feed_qps,regression/sa-dataapp-yield/ops_feed_qps.sql,request,daily_commitment,hoover_request
sa-dataapp-yield.ops_feed_request,regression/sa-dataapp-yield/ops_feed_request.sql,transaction,"awaiting_bcv,daily_commitment",hoover_disabled
sa-dataapp-yield.ops_feed_slot,regression/sa-dataapp-yield/ops_feed_slot.sql,ack,daily_commitment,hoover_ack_partner_audience
sa-dataapp-yield.outbound_qps,regression/sa-dataapp-yield/outbound_qps.sql,auction,daily_commitment,hoover_auction
sa-dataapp-yield.partners_ack,regression/sa-dataapp-yield/partners_ack.sql,ack,daily_commitment,hoover_ack_partner_audience
sa-dataapp-yield.partners_ad,regression/sa-dataapp-yield/partners_ad.sql,ad,daily_commitment,hoover_ad
sa-dataapp-yield.prog_diversity_by_bid_response,regression/sa-dataapp-yield/prog_diversity_by_bid_response.sql,candidate,daily_commitment,hoover_candidate
sa-dataapp-yield.prog_diversity_by_slot,regression/sa-dataapp-yield/prog_diversity_by_slot.sql,candidate,daily_commitment,hoover_candidate
sa-dataapp-yield.pub_ad,regression/sa-dataapp-yield/pub_ad.sql,ad,daily_commitment,hoover_ad
sa-dataapp-yield.pub_integration,regression/sa-dataapp-yield/pub_integration.sql,transaction,"awaiting_bcv,daily_commitment",hoover_disabled
sa-dataapp-yield.rbp_ack,regression/sa-dataapp-yield/rbp_ack.sql,ack,daily_commitment,hoover_ack_delivery_events
sa-dataapp-yield.rbp_ad,regression/sa-dataapp-yield/rbp_ad.sql,ad,daily_commitment,hoover_ad
sa-dataapp-yield.request_8275aefb,regression/sa-dataapp-yield/request_8275aefb.sql,request,daily_commitment,hoover_request
sa-dataapp-yield.request_f14efca4,regression/sa-dataapp-yield/request_f14efca4.sql,request,column_coverage,hoover_request
sa-dataapp-yield.request_f94272a9,regression/sa-dataapp-yield/request_f94272a9.sql,request,column_coverage,hoover_request
sa-dataapp-yield.site_section_ack,regression/sa-dataapp-yield/site_section_ack.sql,ack,daily_commitment,hoover_ack_delivery_events
sa-dataapp-yield.site_section_ad,regression/sa-dataapp-yield/site_section_ad.sql,ad,daily_commitment,hoover_ad
sa-dataapp-yield.site_section_avails,regression/sa-dataapp-yield/site_section_avails.sql,ack,daily_commitment,hoover_ack_partner_audience
sa-dataapp-yield.site_section_req,regression/sa-dataapp-yield/site_section_req.sql,transaction,"awaiting_bcv,daily_commitment",hoover_disabled
sa-dataapp-yield.smart_bidding_ack,regression/sa-dataapp-yield/smart_bidding_ack.sql,ack,daily_commitment,hoover_ack_partner_audience
sa-dataapp-yield.smart_bidding_auction,regression/sa-dataapp-yield/smart_bidding_auction.sql,auction,daily_commitment,hoover_auction
sa-dataapp-yield.smart_bidding_candidate,regression/sa-dataapp-yield/smart_bidding_candidate.sql,candidate,daily_commitment,hoover_candidate
sa-dataapp-yield.smart_routing_ack,regression/sa-dataapp-yield/smart_routing_ack.sql,ack,daily_commitment,hoover_ack_partner_audience
sa-dataapp-yield.smart_routing_ad,regression/sa-dataapp-yield/smart_routing_ad.sql,ad,daily_commitment,hoover_ad
sa-dataapp-yield.smart_routing_request,regression/sa-dataapp-yield/smart_routing_request.sql,request,daily_commitment,hoover_request
sa-dataapp-yield.sspu_ack,regression/sa-dataapp-yield/sspu_ack.sql,ack,daily_commitment,hoover_ack_partner_audience
sa-dataapp-yield.sspu_ad,regression/sa-dataapp-yield/sspu_ad.sql,ad,daily_commitment,hoover_ad
sa-dataapp-yield.sspu_request,regression/sa-dataapp-yield/sspu_request.sql,request,daily_commitment,hoover_request
sa-dataapp-yield.sspu_section_deal_ack,regression/sa-dataapp-yield/sspu_section_deal_ack.sql,ack,daily_commitment,hoover_ack_partner_audience
sa-dataapp-yield.sspu_section_deal_auction,regression/sa-dataapp-yield/sspu_section_deal_auction.sql,auction,daily_commitment,hoover_auction
sa-dataapp-yield.sspu_section_deal_candidate,regression/sa-dataapp-yield/sspu_section_deal_candidate.sql,candidate,daily_commitment,hoover_candidate
sa-dataapp-yield.sspu_slot,regression/sa-dataapp-yield/sspu_slot.sql,slot,daily_commitment,hoover_slot
sa-dataapp-yield.traffic_market_ack_historical,regression/sa-dataapp-yield/traffic_market_ack_historical.sql,ack,daily_commitment,hoover_ack_partner_audience
sa-dataapp-yield.traffic_market_auction_historical,regression/sa-dataapp-yield/traffic_market_auction_historical.sql,auction,daily_commitment,hoover_auction
sa-dataapp-yield.traffic_market_candidate_historical,regression/sa-dataapp-yield/traffic_market_candidate_historical.sql,candidate,daily_commitment,hoover_candidate
sa-dataapp-yield.traffic_market_deal_ack_historical,regression/sa-dataapp-yield/traffic_market_deal_ack_historical.sql,ack,daily_commitment,hoover_ack_partner_audience
sa-dataapp-yield.traffic_market_deal_ads_in_slot,regression/sa-dataapp-yield/traffic_market_deal_ads_in_slot.sql,ack,daily_commitment,hoover_ack_revenue_deal
sa-dataapp-yield.traffic_market_deal_auction_historical,regression/sa-dataapp-yield/traffic_market_deal_auction_historical.sql,auction,daily_commitment,hoover_auction
sa-dataapp-yield.traffic_market_deal_candidate_historical,regression/sa-dataapp-yield/traffic_market_deal_candidate_historical.sql,candidate,daily_commitment,hoover_candidate
sa-dataapp-yield.traffic_mkpl_partner_tag_order_auction_historical,regression/sa-dataapp-yield/traffic_mkpl_partner_tag_order_auction_historical.sql,auction,daily_commitment,hoover_auction
sa-dataapp-yield.traffic_shaping_ack,regression/sa-dataapp-yield/traffic_shaping_ack.sql,ack,daily_commitment,hoover_ack_delivery_events
sa-dataapp-yield.traffic_shaping_request,regression/sa-dataapp-yield/traffic_shaping_request.sql,request,daily_commitment,hoover_request
sa-dataapp-yield.vod_ack,regression/sa-dataapp-yield/vod_ack.sql,ack,daily_commitment,hoover_ack_delivery_events
sa-dataapp-yield.vod_ad,regression/sa-dataapp-yield/vod_ad.sql,ad,daily_commitment,hoover_ad
sa-dataapp-yield.vod_avails,regression/sa-dataapp-yield/vod_avails.sql,ack,daily_commitment,hoover_ack_partner_audience
saengalgo.arena_batch_71456061,regression/saengalgo/arena_batch_71456061.sql,auction,daily_commitment,hoover_auction
saengalgo.arena_batch_f8a938d6,regression/saengalgo/arena_batch_f8a938d6.sql,ack,column_coverage,hoover_ack_revenue_deal
saengalgo.arena_batch_ffe0388e,regression/saengalgo/arena_batch_ffe0388e.sql,transaction,"awaiting_bcv,column_coverage",hoover_disabled
sa-mktplaceanalytics.arena_batch_152d7955,regression/sa-mktplaceanalytics/arena_batch_152d7955.sql,auction,daily_commitment,hoover_auction
sa-mktplaceanalytics.arena_batch_204d199d,regression/sa-mktplaceanalytics/arena_batch_204d199d.sql,"ack,auction",daily_commitment,hoover_join
sa-mktplaceanalytics.arena_batch_3d7e0de5,regression/sa-mktplaceanalytics/arena_batch_3d7e0de5.sql,transaction,"awaiting_bcv,daily_commitment",hoover_disabled
sa-mktplaceanalytics.arena_batch_4cec3c29,regression/sa-mktplaceanalytics/arena_batch_4cec3c29.sql,ack,daily_commitment,hoover_ack_partner_audience
sa-mktplaceanalytics.arena_batch_60ac69ac,regression/sa-mktplaceanalytics/arena_batch_60ac69ac.sql,candidate,daily_commitment,hoover_candidate
sa-mktplaceanalytics.arena_batch_7746082e,regression/sa-mktplaceanalytics/arena_batch_7746082e.sql,auction,daily_commitment,hoover_auction
sa-mktplaceanalytics.arena_batch_85b14d3a,regression/sa-mktplaceanalytics/arena_batch_85b14d3a.sql,auction,daily_commitment,hoover_auction
sa-mktplaceanalytics.arena_batch_96bcd02a,regression/sa-mktplaceanalytics/arena_batch_96bcd02a.sql,transaction,"awaiting_bcv,column_coverage",hoover_disabled
sa-mktplaceanalytics.arena_batch_c2550a92,regression/sa-mktplaceanalytics/arena_batch_c2550a92.sql,ack,daily_commitment,hoover_ack_partner_audience
sa-mktplaceanalytics.arena_batch_e77674a4,regression/sa-mktplaceanalytics/arena_batch_e77674a4.sql,auction,column_coverage,hoover_auction
sa-mktplaceanalytics.arena_batch_ec3f316e,regression/sa-mktplaceanalytics/arena_batch_ec3f316e.sql,auction,daily_commitment,hoover_auction
